candidate_30k_count,candidate_50k_count,candidate_60k_count,candidate_75k_count,error,page_count,status,token_count,wallet,x_max_realized_lot_multiple_from_seed,x_token_mints
0,0,0,0,,1,complete,97,6ed9YoLzxepsuvEdCjHr9M78XPMvRKQuNu24CHawAsve,215.30685385200587,2PzS5SYYWjUFvzXNFaMmRkpjkxGX6R5v8DnKYtdcpump
0,0,0,0,,1,complete,18,92eYKZzRF89b2fBzvkfwu9k1WgCTwVULF55T8m5SXvBZ,3722.3952704656494,2RD1VgxCsRumXPZT4xeTPm3FdN9mG6414RLkDRHKpump|4aWgifrcupQGzjuWzq8bEcS5yZFj92PW3TBN4CSVpump|CixGc8St4fdtRJPLirH5dnwAnjY8SxxfmPPQdjuUpump
0,0,0,0,,1,complete,99,AAPmY8ZvrW28hPtQx4gtiZyUm67X99pHn73uPvY2dmYy,107.07809596037109,2vtuXdpMKHx8CsdeU1y2rr3tfyhPD51B2t5WTbUUpump
0,0,0,0,,4,complete,397,3igJZZU4qLWwojFL17GnZzTnmj5So1rgk9poGmttJCQU,65.84976060774767,3FDvp4d7RVqU1Ng6DQXBpVnyG844CeJYx8WW5PBHpump
0,0,0,0,,12,complete,1119,6By7F3dmfYsyQSuLoenL4fPtrXppTjZ2FGtg2tiBXdfz,614.8934762539599,3FDvp4d7RVqU1Ng6DQXBpVnyG844CeJYx8WW5PBHpump
0,0,0,0,,4,complete,301,BmLiGLuf4NaXqxTJRRfH7dJvg11mtYGdzg6K2hiJPRtR,140.75268638848175,3FDvp4d7RVqU1Ng6DQXBpVnyG844CeJYx8WW5PBHpump
0,0,0,0,Maximum page limit reached without a short final page.,20,incomplete_max_pages,2000,Gkjg9uUFHs6G2GHpLu5BqtBKcLfjCTFSP5ovtN7M5fKv,518.7227886655435,3KHMZhpthXuiCcgfTv7vVu9PpEz64KAEURFwi6Lopump
0,0,0,0,,1,complete,27,33vDcQMZBA2uEYCkVxjuPbBGkc81xRC8Vn9E51cFfcY6,25.85250089181321,3TYgKwkE2Y3rxdw9osLRSpxpXmSC1C1oo19W9KHspump
0,0,0,0,,1,complete,27,CiAaPcQHAEqaCvdSX1ME3mi4FpUpSvTVBM9rXG73f3mq,29.122244559164336,3TYgKwkE2Y3rxdw9osLRSpxpXmSC1C1oo19W9KHspump
0,0,0,0,,1,complete,2,21wfkdLTC3rmfF4BTYMoCMp5Fyv9cbZhQzN5aLidZanM,345.1248846197768,41y7bEjuidUJTZJ7mbfqzKjNcBiecYvjnyPwCb2gpump
0,0,0,0,,17,complete,1654,GJFcrvtxJXr7esGAFDFWSMLsnt4eFFhWQhe7KvXVPCbJ,40.19846626065595,42cXQvAAr7hcPBPWAS4ocVtDyeJ4Fa6gRR2uG4gppump
0,0,0,0,,6,complete,561,44vty7sMdkPLc9Jxiez2wrdTTBVm1g44KpYa1dEU6Sgq,101.73497899534648,4xyyYHkzbhpqkR6scme8soyybBtBYDPg2N6yN5cfpump
0,0,0,0,,1,complete,5,6qh47wsq5QbSePNLQYrLaQ8NfV1ftewjVPSZDmdB6U1H,213.7143378349033,59nzDoRyJ1QcLcFYFs4GVdeZ4qUEb16T2KNuHPWMpump
0,0,0,0,,1,complete,41,G35xr7Z16KZ1W4DLoMup5Hd2xvvM8KHHFuGzikb6hbB5,278.83162862462484,59nzDoRyJ1QcLcFYFs4GVdeZ4qUEb16T2KNuHPWMpump
0,0,0,0,Maximum page limit reached without a short final page.,20,incomplete_max_pages,2000,X23REkUmGPAYtj1zc77tz5ofGmTqhEP5JB3NNn2R3CG,53.39851114852889,6M8sWsmxTdRaX8sMeHXKDrRe3sbAaGC3KyMgwvTSWfju
0,0,0,0,Maximum page limit reached without a short final page.,20,incomplete_max_pages,2000,21cutQKXw6opqwAcUfVVSDFbjKjs9NA94cUTfYBy4SZ6,76.05159434881104,7HgfXftRBBqsYtAEYcqjGLQrNJLL6Tww9ek4rE3Apump
0,0,0,0,,1,complete,5,BGYDRS1JHVqCXjTGNQ79QYQs8YxSg1RPicQfpZcNdkSC,387.6399806390803,7HgfXftRBBqsYtAEYcqjGLQrNJLL6Tww9ek4rE3Apump
0,0,0,0,,1,complete,7,GEetNkwTCXTeChGjxfkGoZUHWkYBmBJhRKcQF7Fe7LDa,295.4274191359468,7HgfXftRBBqsYtAEYcqjGLQrNJLL6Tww9ek4rE3Apump
0,0,0,0,,1,complete,9,B2VWfesGRFKEUASy1QZ8TJcNKFmkNiMX3Gjir9Nh7nxZ,770.042567120327,8H9RDAUyYNMr6Y6nsBb8bBV45XnpW9VQfCKFbyfhpump
0,0,0,0,Maximum page limit reached without a short final page.,20,incomplete_max_pages,2000,5dbKD19c9nnWYj9qwpGHYVzrbaqmzhM3niU3YijEJfHS,183.79681970132205,8Jx8AAHj86wbQgUTjGuj6GTTL5Ps3cqxKRTvpaJApump
0,0,0,0,,1,complete,54,HtjtAmunWehVz4dk91FKkWkk2uMjPmbixtRaziwTTo43,1284.015405106631,98uAmduqPmP6ruqvrnkmcAVeZAWF1oUVRn765Cybpump
1,1,0,0,Maximum page limit reached without a short final page.,20,incomplete_max_pages,2000,2AqFJzcgSMQ9v7Vwh4yE7Vux8brcrjus1eg4K1zM2zUd,70.59645942692893,9HkvDxrZ9zXhecCJMLMeW4J43feUQZ96f7QEj6uUpump
0,0,0,0,,17,complete,1602,6YCQcp4SfJbwkz8rrENYy26FAtCR2jqkTxZKTymeC7tC,215.7835749385072,9HkvDxrZ9zXhecCJMLMeW4J43feUQZ96f7QEj6uUpump
4,3,2,1,,14,complete,1358,CQKJHYqVPn8P944dpQtNud5eVLQr4p8iFuKSVNgKYNxY,92.77771679883789,9HkvDxrZ9zXhecCJMLMeW4J43feUQZ96f7QEj6uUpump
0,0,0,0,Maximum page limit reached without a short final page.,20,incomplete_max_pages,2000,99j6HWTKqEigSbRpe1uJ1g3EVpRZJNnB7wbKsjhfPz8g,294.4267431255464,A2LprEwUDVLQX3xVQqFAMwbzf7ZQdx9wJMJvkQBPpump
0,0,0,0,,1,complete,3,4YNnk3MNVNmNn28qAZEKFGKDHbk9J8CDvptMaC8BNK9q,945.0047969450112,AWSh5PLiH83Zj5es7PTcZT477EmFH85yCZe51Dt6pump
0,0,0,0,,2,complete,102,9qFLRBy8SfFBfJitm7iE2Hf7J1x48sppdKivv5Gubro4,933.4844062451816,AzTfanTxWofndzi653Q75VS7B5vvgLfeJXUBo9Qzpump
0,0,0,0,,1,complete,2,GdebKUxpVXwwKMrZNtaYTWhHn6rzHMZGeduhjdSqg3x6,28.00130371147866,C7V47ci5u2Ak3VYb62a1obLTY74BLFxLB7d2NLKRpump
0,0,0,0,,5,complete,497,WPqP6oj1cXkyqrZD1QS58jw61j28NpxgGwAMDkyxc1U,59.83015142183787,CCgH8T82ABC7Krg4bR4Jj2yotiDQdzk3yg6GLLUApump
3,1,1,0,,1,complete,22,9DByz89oQGfEb1QmtKcZb2Ry7ic9L1NeQ7Rc4xj2EqgK,42.34082311252711,B75w4MrhD4sLJRkAVvtxc74hiK317CdUZBBBCLwFpump|CWoQEk7PtczueUu5C2P1mvb3AhBKC1QiuzzfiUfVpump|FVbMi3DznQjAGUUUsg3pkKmDcVT6rvq7UwbajKnWpump
0,0,0,0,,17,complete,1630,6pLjBnoxF6DP8dpbhtVs1dykZPmP1WVFV7GjhpWnBHBx,117.8538976785284,CcLd8HTAKLWtQHatqPwBQjtuCA72FNB9E1ckRTEzpump
0,0,0,0,Maximum page limit reached without a short final page.,20,incomplete_max_pages,1999,CVnRWFefzdHf3ALGK8aEc8PTvCsN6zG3JfcyPeWmQPUZ,243.3008137763861,CcLd8HTAKLWtQHatqPwBQjtuCA72FNB9E1ckRTEzpump
0,0,0,0,,1,complete,7,GHoMgQYCUnptjCNqmLQ3yqoMrLb3DLxBnGgyzHiXi2aj,1374.9745461752548,CcLd8HTAKLWtQHatqPwBQjtuCA72FNB9E1ckRTEzpump
0,0,0,0,Maximum page limit reached without a short final page.,20,incomplete_max_pages,2000,AowTUid5daQr9EqwazF7hDm3jBTQSisv6LaHGhQL8k92,10109.7402568626,Cm6fNnMk7NfzStP9CZpsQA2v3jjzbcYGAxdJySmHpump
0,0,0,0,,1,complete,33,H8SBYDiAy8snjqXxq1K39EJbLi2LPwrpqRqC8snsyX3y,79.76137173008746,CqEQBrm77irTktBqr8uB2k3DM72YwtX2jix7C4SLpump
0,0,0,0,,1,complete,2,7kJsCmHF17P98HmXw1gmnyxPEWr2jyKAX9roHh498a7j,180.6944451780385,DMYNp65mub3i7LRpBdB66CgBAceLcQnv4gsWeCi6pump
0,0,0,0,,1,complete,2,BnLWTRVqVfeLgLRWCBHnJ6L9HUVisQ3qsML8J9dTUTaX,35.69977914144877,DMYNp65mub3i7LRpBdB66CgBAceLcQnv4gsWeCi6pump
0,0,0,0,,1,complete,2,PqT358ft1h1W96J2AASbGFLqeTkGoLFeSc9QRqBz741,157.6670981017294,DMYNp65mub3i7LRpBdB66CgBAceLcQnv4gsWeCi6pump
0,0,0,0,Maximum page limit reached without a short final page.,20,incomplete_max_pages,2000,EuJp5632VT6mnXYo2wBwExqbyB4pVGtg6PaQkqgmMW5y,99.80219819856308,DpxKNEi3XVeRByaGqYKvz2w6E2PhPgBAqdayLcQEpump
0,0,0,0,Maximum page limit reached without a short final page.,20,incomplete_max_pages,2000,Bh7QsYwHmWmF1YbQd7pqk89sAfacagtTFSSLUoFGTFZ7,55.525826532628095,F1ppSHedBsGGwEKH78JVgoqr4xkQHswtsGGLpgM7bCP2
0,0,0,0,Maximum page limit reached without a short final page.,20,incomplete_max_pages,2000,HhufXFD77fgsQyqMyYdA1quTtGk3CzvzTuo1zFdGQTPQ,215.5465826383236,F1ppSHedBsGGwEKH78JVgoqr4xkQHswtsGGLpgM7bCP2
0,0,0,0,Maximum page limit reached without a short final page.,20,incomplete_max_pages,2000,52YXFG9ksGps7P9ZSDLK79f9Hpa5ihR24w6dkikW5aEB,5026.910904055302,Ge87EtsjwRQbHaqQmKRno69RFTwh9bfSsm99XNxTpump
0,0,0,0,,3,complete,213,7wCEJhjJwEipPecWm9pU5JtPYMYzsiJwve37oohmPCEQ,95.08437429445752,GnFMf6JVRhAqPbA9r8yW16xycynKNkXfbaYbusLEpump
0,0,0,0,,1,complete,2,D1idTgERH2xe6qLUeCP6EecG4kBbLYr4omJAk2G44coX,571.5684625949565,GnFMf6JVRhAqPbA9r8yW16xycynKNkXfbaYbusLEpump
0,0,0,0,,2,complete,144,2iKBNpBkRnDXTdNCeSXkQFocrRWtLRYPPC7nS4yjLGs5,1884.3496381494977,HGxYWHhDNGFh7FpoJTuwgNuB7VAHtpeBVBo1u73Tpump
0,0,0,0,,2,complete,176,8jgFYHJFtbTZ52ei1T3ox6YeMSbLjLWLi7iYUXcndnKc,345.1697923865966,HGxYWHhDNGFh7FpoJTuwgNuB7VAHtpeBVBo1u73Tpump
0,0,0,0,,2,complete,148,BS1mHRNgU45wwrSoMEmEWgm28TnMjqiJDrLyDz3PuDkA,1779.0425229582795,HGxYWHhDNGFh7FpoJTuwgNuB7VAHtpeBVBo1u73Tpump
0,0,0,0,,2,complete,166,HBY9ggL9Ki6cJDnZ5wgmZ91UsNhEHFajGntoVGdyGi9b,924.389947735746,HGxYWHhDNGFh7FpoJTuwgNuB7VAHtpeBVBo1u73Tpump
2,0,0,0,Maximum page limit reached without a short final page.,20,incomplete_max_pages,2000,XXXXXahGswEH6i3Czn19XbGxQrobJoY1TYJegPxp3ex,46.5278324857884,HaUXAdAWWUkb2WTmh8z1TdaEmZkYjnQnmC6tHUdTAHvi
0,0,0,0,"/wallet/v2/pnl/details: HTTP 400; {""success"": false, ""message"": ""Compute units usage limit exceeded""}",4,incomplete_error,400,Act3pTw5yB8Xxk3mcTWqMQ3x9ctNCegnVAViMMnxMrkG,126.9966655959152,HkBWJJiaUW5Kod4HpHWZiGD9PQVipmMiPDgiRPcNpump
0,0,0,0,"/wallet/v2/pnl/details: HTTP 400; {""success"": false, ""message"": ""Compute units usage limit exceeded""}",0,incomplete_error,0,6E3qB4gz8vS8t3j61ibSVFndub8reDSC2jSTdhjUBiS,76.22899278782255,HrFjQfrfBzWc2MGaZqCyRZyarxoNZvanYnXKJMxQpump
0,0,0,0,"/wallet/v2/pnl/details: HTTP 400; {""success"": false, ""message"": ""Compute units usage limit exceeded""}",0,incomplete_error,0,51YaAjcGfcJDZTfJWuFAU6A4m5L7q3goGy2yJh5SxPLs,213.29321587020377,HxYvKPgKLCHT7ZLVZrjJNTW91wVSQFmwyjnm2Psdpump
0,0,0,0,"/wallet/v2/pnl/details: HTTP 400; {""success"": false, ""message"": ""Compute units usage limit exceeded""}",0,incomplete_error,0,i4Qop2qKCDxFXqL8fHqT27VAqn6AqmhnUeYng2rvzEc,663.0681813424225,HKbqQgxxetq95HuLksVBYDU6FSiguQLKGTVhUN9ppump|JAQiNZw9t6Xqev4JLWMqpNGzZMp7ZVsxzQxdvaJPpump
0,0,0,0,"/wallet/v2/pnl/details: HTTP 400; {""success"": false, ""message"": ""Compute units usage limit exceeded""}",0,incomplete_error,0,EC8egFiX38xDdR9Q2Xyps6yqnYe6nCLfcDNYUvU7kb1B,330.66129376839683,Tqj8yFmagrg7oorpQkVGYR52r96RFTamvWfth9bpump
0,0,0,0,"/wallet/v2/pnl/details: HTTP 400; {""success"": false, ""message"": ""Compute units usage limit exceeded""}",0,incomplete_error,0,2ttvFWjziexKN3iNC59WenoLYrXwU6roxTkHZT49tKwc,195.39423528463664,Y47Svo5kZJxdEgTvCwM2LDv8twbQHTKtfLr3CJyLFy9
0,0,0,0,"/wallet/v2/pnl/details: HTTP 400; {""success"": false, ""message"": ""Compute units usage limit exceeded""}",0,incomplete_error,0,9oUHuhjYrt1VZVjNQb7mpNE7aSabACZSkLEXWWZP4KRT,36.485204026661165,Y47Svo5kZJxdEgTvCwM2LDv8twbQHTKtfLr3CJyLFy9
0,0,0,0,"/wallet/v2/pnl/details: HTTP 400; {""success"": false, ""message"": ""Compute units usage limit exceeded""}",0,incomplete_error,0,2QBdmhhwCgxM6r4HRHoDRfDbWz3YwvejeRzSXS5RwV1W,142.5378041795698,fH1YDRu48pBwedxhNxTRSLsriqx3ysUntRbKMtkpump
0,0,0,0,"/wallet/v2/pnl/details: HTTP 400; {""success"": false, ""message"": ""Compute units usage limit exceeded""}",0,incomplete_error,0,8CVUSzYyCAjQHVkHyVnncYorpYWX35mzR6osqR7ME9JN,80.49780101408419,fH1YDRu48pBwedxhNxTRSLsriqx3ysUntRbKMtkpump
0,0,0,0,"/wallet/v2/pnl/details: HTTP 400; {""success"": false, ""message"": ""Compute units usage limit exceeded""}",0,incomplete_error,0,4v1m33zVsGqFFrQUa6dyhdWMaLbPmXijb1sLv79GyVWu,593.9286152893131,iNKezFtQnxqjX8JMrez3pT6VaV8VwhA1SZXTbbzpump
0,0,0,0,"/wallet/v2/pnl/details: HTTP 400; {""success"": false, ""message"": ""Compute units usage limit exceeded""}",0,incomplete_error,0,7yZgmw11tCMsTP12pN9UnDrsdgPzwmWPxEoeCFeakBsA,161.63890373621484,iNKezFtQnxqjX8JMrez3pT6VaV8VwhA1SZXTbbzpump
0,0,0,0,"/wallet/v2/pnl/details: HTTP 400; {""success"": false, ""message"": ""Compute units usage limit exceeded""}",0,incomplete_error,0,A594w9RNdzFcpM5qjuuXVwoPE2SUyNWvn9owzfHHbgwq,132.64274265194527,iNKezFtQnxqjX8JMrez3pT6VaV8VwhA1SZXTbbzpump
0,0,0,0,"/wallet/v2/pnl/details: HTTP 400; {""success"": false, ""message"": ""Compute units usage limit exceeded""}",0,incomplete_error,0,EZRRxRjg7EnXpzFx4eXdWtfEzwuQ2S8gnpBH6X1U59jJ,126.57686055430476,iNKezFtQnxqjX8JMrez3pT6VaV8VwhA1SZXTbbzpump
0,0,0,0,"/wallet/v2/pnl/details: HTTP 400; {""success"": false, ""message"": ""Compute units usage limit exceeded""}",0,incomplete_error,0,AdY23hiXFnaf4pSB8DWNTSHv861vfMc37k654rKMvXYF,51.25021174779451,2PzS5SYYWjUFvzXNFaMmRkpjkxGX6R5v8DnKYtdcpump
0,0,0,0,"/wallet/v2/pnl/details: HTTP 400; {""success"": false, ""message"": ""Compute units usage limit exceeded""}",0,incomplete_error,0,8P3wdYH5o5sHywZSo7BYzvTHAaKg7kCGnM1mC4yPvWWL,550.0657247860349,2akXpuyFXAVN5YofZpZMfBp2Vxognpmv9NooBMuHpump
0,0,0,0,"/wallet/v2/pnl/details: HTTP 400; {""success"": false, ""message"": ""Compute units usage limit exceeded""}",0,incomplete_error,0,4PbaHq4QzeGT4vsZ7F14oyLPhoaztaP2T6c85D8gQ2eb,1774.4041619475895,2fB8j65DyeiXMG6G9X7Zwfu39P6Jw27RVstKxCfApump|98uAmduqPmP6ruqvrnkmcAVeZAWF1oUVRn765Cybpump
0,0,0,0,"/wallet/v2/pnl/details: HTTP 400; {""success"": false, ""message"": ""Compute units usage limit exceeded""}",0,incomplete_error,0,8SbUUkfGmF4ff9hykYqRfjZEjWh1XXEtr7N274xcQEhS,1044.004337984961,2tXpgu2DLTsPUf9zFmuZmA4xrYxXKBTpVq9wAM7hzs9y
0,0,0,0,"/wallet/v2/pnl/details: HTTP 400; {""success"": false, ""message"": ""Compute units usage limit exceeded""}",0,incomplete_error,0,8eajSdRqXmkjn3b58vxyrPbQo8AWQuTDQzXUwuwzaBZ1,120.86680731527736,33eum82LaAhtv5YkUq1BdwEviSErH5CnFxqVNLT5pump
0,0,0,0,"/wallet/v2/pnl/details: HTTP 400; {""success"": false, ""message"": ""Compute units usage limit exceeded""}",0,incomplete_error,0,Fgn7FjXn77RRTG94Hayeja6xxRuKB8zkzcVmFU3Tqo23,378.0828234442671,33eum82LaAhtv5YkUq1BdwEviSErH5CnFxqVNLT5pump
0,0,0,0,"/wallet/v2/pnl/details: HTTP 400; {""success"": false, ""message"": ""Compute units usage limit exceeded""}",0,incomplete_error,0,4LcCHiXLydzePUy3zt7HCdw9eFJDL8bWXZFRVcagak8y,156.95902052260934,3FDvp4d7RVqU1Ng6DQXBpVnyG844CeJYx8WW5PBHpump
0,0,0,0,"/wallet/v2/pnl/details: HTTP 400; {""success"": false, ""message"": ""Compute units usage limit exceeded""}",0,incomplete_error,0,6ud7KC9oL224NWAfRFKPH7Rjw6P9JuXQ5HabnaEr9XCW,40.23781492842773,3FDvp4d7RVqU1Ng6DQXBpVnyG844CeJYx8WW5PBHpump
0,0,0,0,"/wallet/v2/pnl/details: HTTP 400; {""success"": false, ""message"": ""Compute units usage limit exceeded""}",0,incomplete_error,0,EkpdJ1HVckTnkD8MZnkgX3yULQmQiB2qUMbvJYPDvgLg,49.99462528223098,3FDvp4d7RVqU1Ng6DQXBpVnyG844CeJYx8WW5PBHpump
0,0,0,0,"/wallet/v2/pnl/details: HTTP 400; {""success"": false, ""message"": ""Compute units usage limit exceeded""}",0,incomplete_error,0,HZqQJv9uoz4piVYkvVo7rAewpifYfD2bw56AArr4VNR,71.07379945221506,3FDvp4d7RVqU1Ng6DQXBpVnyG844CeJYx8WW5PBHpump
0,0,0,0,"/wallet/v2/pnl/details: HTTP 400; {""success"": false, ""message"": ""Compute units usage limit exceeded""}",0,incomplete_error,0,3a9qSKrFt6EzQ9YKbYVP4TGWriNn4ccvxjjoB3zAoQga,25.72588947662829,3TYgKwkE2Y3rxdw9osLRSpxpXmSC1C1oo19W9KHspump
0,0,0,0,"/wallet/v2/pnl/details: HTTP 400; {""success"": false, ""message"": ""Compute units usage limit exceeded""}",0,incomplete_error,0,5p9WLhi7NEs2w1NfrhLqLbUcmUTxJe6JykR3B9zwg9A9,634.3384752596306,3xQPNZ3RrBvGrrgZEqaKFueeQ8FBpFKPTFe8bwVkpump|DtHTTtiE4Aex3BzLZLi3og1bgMgvh6G1X7mKcykVpump
0,0,0,0,"/wallet/v2/pnl/details: HTTP 400; {""success"": false, ""message"": ""Compute units usage limit exceeded""}",0,incomplete_error,0,HS7WBqRw8EfZkww3pduTvPesJNqLPEsZtyasoUc6zoZd,314.37364599282927,4aWgifrcupQGzjuWzq8bEcS5yZFj92PW3TBN4CSVpump
0,0,0,0,"/wallet/v2/pnl/details: HTTP 400; {""success"": false, ""message"": ""Compute units usage limit exceeded""}",0,incomplete_error,0,FBWUTiZbhVGJfcTJxZugu8yq7CQcZWnc1i1NZK8fgbXG,284.7242997279185,4ko5tSr5o3H4v1sFtjTSd9MPUW7yx5AFCpkNPoL6pump
0,0,0,0,"/wallet/v2/pnl/details: HTTP 400; {""success"": false, ""message"": ""Compute units usage limit exceeded""}",0,incomplete_error,0,4DPu5AhRHHQoRCHogzH7dN1nvRDwR8p5qUWgSWLf9zW2,6841.6271552171775,57gXi7ZmsgkoXiPeg7CAN5oLmKBem8XWJknJUpHypump
0,0,0,0,"/wallet/v2/pnl/details: HTTP 400; {""success"": false, ""message"": ""Compute units usage limit exceeded""}",0,incomplete_error,0,CiFx62aqk1LGig35cf7F36qfFeKgJnYNooeXjw3mxQzs,1818.3070609549256,59nzDoRyJ1QcLcFYFs4GVdeZ4qUEb16T2KNuHPWMpump
0,0,0,0,"/wallet/v2/pnl/details: HTTP 400; {""success"": false, ""message"": ""Compute units usage limit exceeded""}",0,incomplete_error,0,HeQkm8EAHM64zY9a75XULRT6rCRiQC3sAo3DeMBNYyFH,225.1918029486433,59nzDoRyJ1QcLcFYFs4GVdeZ4qUEb16T2KNuHPWMpump
0,0,0,0,"/wallet/v2/pnl/details: HTTP 400; {""success"": false, ""message"": ""Compute units usage limit exceeded""}",0,incomplete_error,0,DMnX6kJe2ajEYdpJe3tMX5aVQDtQR7Gf38S2tnqfoV2L,426.1852342271019,6AVAUKa9uxQpruHZUinFECpXEh1usRVtzQWK8N2wpump
0,0,0,0,"/wallet/v2/pnl/details: HTTP 400; {""success"": false, ""message"": ""Compute units usage limit exceeded""}",0,incomplete_error,0,5CDYEbtEsg9wZpmRs5j7P4WXy4FS9AU1EKbqFS8wqTth,56.126974334651,6M8sWsmxTdRaX8sMeHXKDrRe3sbAaGC3KyMgwvTSWfju
0,0,0,0,"/wallet/v2/pnl/details: HTTP 400; {""success"": false, ""message"": ""Compute units usage limit exceeded""}",0,incomplete_error,0,CgCm3rS1NMhzdnao1MF239HTZpBNCqvRJdQHvmjbKbYG,295.4274191359468,7HgfXftRBBqsYtAEYcqjGLQrNJLL6Tww9ek4rE3Apump
0,0,0,0,"/wallet/v2/pnl/details: HTTP 400; {""success"": false, ""message"": ""Compute units usage limit exceeded""}",0,incomplete_error,0,Dr4Rwx8iADYJkpjQz64pEU5bzN3D2rDjUaHG8hVBhNE7,813.7264271626506,7LPsiq8ur4DB93mCk9kcF7g6WSgnF9U1x4FSePH4pump|7wjqrmM5yQC4YgjTnTyuj8cGDkUwxhq6nsDN9zH7pump|AHT1bswcRGDhYjRhDHUwGdmhPgvftxr3yPDdqv9opump|FVbMi3DznQjAGUUUsg3pkKmDcVT6rvq7UwbajKnWpump
0,0,0,0,"/wallet/v2/pnl/details: HTTP 400; {""success"": false, ""message"": ""Compute units usage limit exceeded""}",0,incomplete_error,0,CpLuogVckAXS7BK7JwDRRqL1F5kuJ6qvsd8A8ePwDRsi,93.29255440197583,8AdsF2QXFA8QkFuQ9TrQW6nEyM4E6yT4AwqgZ5cTpump
0,0,0,0,"/wallet/v2/pnl/details: HTTP 400; {""success"": false, ""message"": ""Compute units usage limit exceeded""}",0,incomplete_error,0,FxoFZnwQYghcdu3CJqPRkdy9ULmUR1VEkSLQ1x5ZAo44,666.0919535105423,8H9RDAUyYNMr6Y6nsBb8bBV45XnpW9VQfCKFbyfhpump
0,0,0,0,"/wallet/v2/pnl/details: HTTP 400; {""success"": false, ""message"": ""Compute units usage limit exceeded""}",0,incomplete_error,0,6rwXnAp6EfgfRAqaiq3zTRaBrAuNKc4CGRq7y6QesSCL,263.7546739701423,8Jx8AAHj86wbQgUTjGuj6GTTL5Ps3cqxKRTvpaJApump
0,0,0,0,"/wallet/v2/pnl/details: HTTP 400; {""success"": false, ""message"": ""Compute units usage limit exceeded""}",0,incomplete_error,0,3fKjhuLPTbH7Rqc2AwiCGevE5zV6bvpDzkT4RaZZepDC,3278.544299584953,8TnbbiNsrpbF63jt56RyRj7EQfrZd45dpa2U92Wkpump
0,0,0,0,"/wallet/v2/pnl/details: HTTP 400; {""success"": false, ""message"": ""Compute units usage limit exceeded""}",0,incomplete_error,0,62YaAGDBDSDpTnPN7MsmXKdYNa9az5Frio6AZ4R3EsEj,22741.22561998843,9BB6NFEcjBCtnNLFko2FqVQBq8HHM13kCyYcdQbgpump
0,0,0,0,"/wallet/v2/pnl/details: HTTP 400; {""success"": false, ""message"": ""Compute units usage limit exceeded""}",0,incomplete_error,0,2wHHnAmdhFaAAsayWAeqKe3snK3KkbRQkRgLwTtz7iCi,83.15205306396066,9HkvDxrZ9zXhecCJMLMeW4J43feUQZ96f7QEj6uUpump
0,0,0,0,"/wallet/v2/pnl/details: HTTP 400; {""success"": false, ""message"": ""Compute units usage limit exceeded""}",0,incomplete_error,0,8vufgWCQSP1iJoAxyMeogahnzzEcioo6T8eMRWkHcYuT,1916.6044939890955,9HkvDxrZ9zXhecCJMLMeW4J43feUQZ96f7QEj6uUpump
0,0,0,0,"/wallet/v2/pnl/details: HTTP 400; {""success"": false, ""message"": ""Compute units usage limit exceeded""}",0,incomplete_error,0,FmxjNGimRGPAV4DYPjZW2mLjm9KH97YXE8beri17TPMc,1686.818829180624,9HkvDxrZ9zXhecCJMLMeW4J43feUQZ96f7QEj6uUpump
0,0,0,0,"/wallet/v2/pnl/details: HTTP 400; {""success"": false, ""message"": ""Compute units usage limit exceeded""}",0,incomplete_error,0,7zH2dAhZ2JJy7BF2xN6zFFYgVayL1Hidk9MT6CZyU6CK,819.1875229093329,A211pJ1J7CkXaYDQMWzFGqVrc8UK8A8fMoALq9dspump
0,0,0,0,"/wallet/v2/pnl/details: HTTP 400; {""success"": false, ""message"": ""Compute units usage limit exceeded""}",0,incomplete_error,0,2WTfeKTW47SEbJMxweafiQpR9vCnNijNS2htdKZUqLjp,462.6808045114655,A6yFHVGbZpAomgmKTA3vRqvo5HR5ixrzHCtihww8pump
0,0,0,0,"/wallet/v2/pnl/details: HTTP 400; {""success"": false, ""message"": ""Compute units usage limit exceeded""}",0,incomplete_error,0,F42PGVV9Wms3dVbgfaJMZHgQ2v8jQg7bkZrxP7XcuD91,2507.498933954524,BCdwQBAn8dYB5YjTsoB6TdHAWokxv28k2oZUodERpump
0,0,0,0,"/wallet/v2/pnl/details: HTTP 400; {""success"": false, ""message"": ""Compute units usage limit exceeded""}",0,incomplete_error,0,6UYiLRjG8hTLQVxCzqb4rKP2nJSVuB4b53Fqf8TghToE,1021.6406514591928,CGEDT9QZDvvH5GmVkWJH2BXiMJqMJySC9ihWyr7Spump
0,0,0,0,"/wallet/v2/pnl/details: HTTP 400; {""success"": false, ""message"": ""Compute units usage limit exceeded""}",0,incomplete_error,0,HRhricGzepcgKw8xfYZN6c4ArQSPXu9NSbWsrQCsLzAa,31.44011682141885,CqEQBrm77irTktBqr8uB2k3DM72YwtX2jix7C4SLpump
0,0,0,0,"/wallet/v2/pnl/details: HTTP 400; {""success"": false, ""message"": ""Compute units usage limit exceeded""}",0,incomplete_error,0,2QsJn2rGoErjU2hWSutvRyjuEqgx25vc3PmgvywhK3gq,55.79881489174353,DMYNp65mub3i7LRpBdB66CgBAceLcQnv4gsWeCi6pump
0,0,0,0,"/wallet/v2/pnl/details: HTTP 400; {""success"": false, ""message"": ""Compute units usage limit exceeded""}",0,incomplete_error,0,A4xMZyG9WiuxpsfQrtmzJRcsWfDjyjsqjj5VupHe4Mpf,119.5583216402399,DMYNp65mub3i7LRpBdB66CgBAceLcQnv4gsWeCi6pump
0,0,0,0,"/wallet/v2/pnl/details: HTTP 400; {""success"": false, ""message"": ""Compute units usage limit exceeded""}",0,incomplete_error,0,D3TSSFT1w9ww6gPK7Rri48fEPU9CT3kfgohW1utuFs1g,140.33019497868443,DMYNp65mub3i7LRpBdB66CgBAceLcQnv4gsWeCi6pump
0,0,0,0,"/wallet/v2/pnl/details: HTTP 400; {""success"": false, ""message"": ""Compute units usage limit exceeded""}",0,incomplete_error,0,xRssxdqYMgBZ2VZN5brMnWEWecracNUJyNuv1g4dCtq,28.1850443394462,DMYNp65mub3i7LRpBdB66CgBAceLcQnv4gsWeCi6pump
0,0,0,0,"/wallet/v2/pnl/details: HTTP 400; {""success"": false, ""message"": ""Compute units usage limit exceeded""}",0,incomplete_error,0,FwFYseRdCre41GNJDQFvyvypzWFKq5P9TfwxBoNRr1eD,58.87022277298793,DpxKNEi3XVeRByaGqYKvz2w6E2PhPgBAqdayLcQEpump
0,0,0,0,"/wallet/v2/pnl/details: HTTP 400; {""success"": false, ""message"": ""Compute units usage limit exceeded""}",0,incomplete_error,0,HYT9g7yyBMSjRhjpmBzYm2jTmEJRy27JWdGrFmkxADef,290.71693130977985,3xQPNZ3RrBvGrrgZEqaKFueeQ8FBpFKPTFe8bwVkpump|DtHTTtiE4Aex3BzLZLi3og1bgMgvh6G1X7mKcykVpump
0,0,0,0,"/wallet/v2/pnl/details: HTTP 400; {""success"": false, ""message"": ""Compute units usage limit exceeded""}",0,incomplete_error,0,46XAZ8SAPEvKD3YPCe9KQpCrkP19KW6AdfktoZet2dtF,112.61146087899547,EKwF2HD6X4rHHr4322EJeK9QBGkqhpHZQSanSUmWkecG
0,0,0,0,"/wallet/v2/pnl/details: HTTP 400; {""success"": false, ""message"": ""Compute units usage limit exceeded""}",0,incomplete_error,0,BpPaUatonuqTKAjenZcPYLaeFxMtXmkPMjjawkMR12fR,55.525826532628095,F1ppSHedBsGGwEKH78JVgoqr4xkQHswtsGGLpgM7bCP2
0,0,0,0,"/wallet/v2/pnl/details: HTTP 400; {""success"": false, ""message"": ""Compute units usage limit exceeded""}",0,incomplete_error,0,AG2GXkD6ajUtmJVYuxSLTJEskdZK1UVRS4dpYy5iphqk,1590.3553857908182,GnFMf6JVRhAqPbA9r8yW16xycynKNkXfbaYbusLEpump
0,0,0,0,"/wallet/v2/pnl/details: HTTP 400; {""success"": false, ""message"": ""Compute units usage limit exceeded""}",0,incomplete_error,0,S6ApY4q8WoBBQLkHCZzZ9vwqsuJJQXM8c83TGUDTP4X,571.5684625949565,GnFMf6JVRhAqPbA9r8yW16xycynKNkXfbaYbusLEpump
0,0,0,0,"/wallet/v2/pnl/details: HTTP 400; {""success"": false, ""message"": ""Compute units usage limit exceeded""}",0,incomplete_error,0,6TU85H16RSn6R4z9osxKtaeK5NthADvSczgnV7r1mBku,436.7131165590888,HGxYWHhDNGFh7FpoJTuwgNuB7VAHtpeBVBo1u73Tpump
0,0,0,0,"/wallet/v2/pnl/details: HTTP 400; {""success"": false, ""message"": ""Compute units usage limit exceeded""}",0,incomplete_error,0,9rcihuzwaVeRqScDRURFGz2qWE6TxCKLpNcrbjeTyh7y,1337.200436046293,HGxYWHhDNGFh7FpoJTuwgNuB7VAHtpeBVBo1u73Tpump
0,0,0,0,"/wallet/v2/pnl/details: HTTP 400; {""success"": false, ""message"": ""Compute units usage limit exceeded""}",0,incomplete_error,0,CQNpmxVXMAZrWaHSxdfiuD9gkdHedyqQtoH98FCAqjhM,1703.1760694464072,HGxYWHhDNGFh7FpoJTuwgNuB7VAHtpeBVBo1u73Tpump
0,0,0,0,"/wallet/v2/pnl/details: HTTP 400; {""success"": false, ""message"": ""Compute units usage limit exceeded""}",0,incomplete_error,0,Jrd4aTsWXgvmDegn7nC7SA6md94ccvF6Z7NTCU4XffS,1593.3506928934662,HGxYWHhDNGFh7FpoJTuwgNuB7VAHtpeBVBo1u73Tpump
0,0,0,0,"/wallet/v2/pnl/details: HTTP 400; {""success"": false, ""message"": ""Compute units usage limit exceeded""}",0,incomplete_error,0,38tAutsiZWaJ8MsMJVgKCx4U5LHwZM2g6StmQpKLRqz6,302.22995488300563,HkBWJJiaUW5Kod4HpHWZiGD9PQVipmMiPDgiRPcNpump
0,0,0,0,"/wallet/v2/pnl/details: HTTP 400; {""success"": false, ""message"": ""Compute units usage limit exceeded""}",0,incomplete_error,0,GCYsEVEdoWzxNmunTESPofRDmchVCSpd9dyC85iXHQam,109.81427857678096,HkBWJJiaUW5Kod4HpHWZiGD9PQVipmMiPDgiRPcNpump
0,0,0,0,"/wallet/v2/pnl/details: HTTP 400; {""success"": false, ""message"": ""Compute units usage limit exceeded""}",0,incomplete_error,0,83cBVuAUhkPm5G9AU1mKQ1ryD9uCWTNXQuohZWuzSpZF,61.45845990418282,HrFjQfrfBzWc2MGaZqCyRZyarxoNZvanYnXKJMxQpump
0,0,0,0,"/wallet/v2/pnl/details: HTTP 400; {""success"": false, ""message"": ""Compute units usage limit exceeded""}",0,incomplete_error,0,EfEAJHy2G8akWqgc8Cn6bYQAA49S71mW1T8TgoKSSFUQ,92.65051421149728,NV2RYH954cTJ3ckFUpvfqaQXU4ARqqDH3562nFSpump
0,0,0,0,"/wallet/v2/pnl/details: HTTP 400; {""success"": false, ""message"": ""Compute units usage limit exceeded""}",0,incomplete_error,0,49UUeTE5f7n5RYW69BHHKYY9hMu1WiSHNt6eJkEqbske,5825.987850317499,Tqj8yFmagrg7oorpQkVGYR52r96RFTamvWfth9bpump
0,0,0,0,"/wallet/v2/pnl/details: HTTP 400; {""success"": false, ""message"": ""Compute units usage limit exceeded""}",0,incomplete_error,0,59xWG7MV4MRihvZ9VFMGRYwXER7xYoDLLfT5gUmz2fve,140.58442714328376,Y47Svo5kZJxdEgTvCwM2LDv8twbQHTKtfLr3CJyLFy9
0,0,0,0,"/wallet/v2/pnl/details: HTTP 400; {""success"": false, ""message"": ""Compute units usage limit exceeded""}",0,incomplete_error,0,BxYEWEzc327t4dEiQuUhYoqKKLCSDyx4At6M5Ze6Wa92,121.92775753964068,Y47Svo5kZJxdEgTvCwM2LDv8twbQHTKtfLr3CJyLFy9
0,0,0,0,"/wallet/v2/pnl/details: HTTP 400; {""success"": false, ""message"": ""Compute units usage limit exceeded""}",0,incomplete_error,0,4cuaRAqrwnP3Ay1HMYyjC8ziuKy1EEAWfii2RAba6WNb,81.61842680950608,fH1YDRu48pBwedxhNxTRSLsriqx3ysUntRbKMtkpump
0,0,0,0,"/wallet/v2/pnl/details: HTTP 400; {""success"": false, ""message"": ""Compute units usage limit exceeded""}",0,incomplete_error,0,EckebZWU6mqCG6arUDw111vJqarwM4PGQNd8N32Wqxgh,219.0082427633064,fH1YDRu48pBwedxhNxTRSLsriqx3ysUntRbKMtkpump
0,0,0,0,"/wallet/v2/pnl/details: HTTP 400; {""success"": false, ""message"": ""Compute units usage limit exceeded""}",0,incomplete_error,0,5iFfTSQoq4mX6atbE7L6TVjvsczzppbsVqG6SCPqMMkt,577.5794998314292,iNKezFtQnxqjX8JMrez3pT6VaV8VwhA1SZXTbbzpump
0,0,0,0,"/wallet/v2/pnl/details: HTTP 400; {""success"": false, ""message"": ""Compute units usage limit exceeded""}",0,incomplete_error,0,8CuELdfonTwGA2aQ1FvUbTJ4wyocDVAPAmFuC8rwMBui,177.47115865261637,iNKezFtQnxqjX8JMrez3pT6VaV8VwhA1SZXTbbzpump
0,0,0,0,"/wallet/v2/pnl/details: HTTP 400; {""success"": false, ""message"": ""Compute units usage limit exceeded""}",0,incomplete_error,0,AgXJrv7yPR9bGeKSDBHEPbSQ7CRbqxgCJybK1DX8hhGU,147.05274864492242,iNKezFtQnxqjX8JMrez3pT6VaV8VwhA1SZXTbbzpump
0,0,0,0,"/wallet/v2/pnl/details: HTTP 400; {""success"": false, ""message"": ""Compute units usage limit exceeded""}",0,incomplete_error,0,EvSL2HptGuALe5z4ZaCS6mXE7ss4vZjxF5ZNkQDSFvR7,636.1135618800853,iNKezFtQnxqjX8JMrez3pT6VaV8VwhA1SZXTbbzpump
0,0,0,0,"/wallet/v2/pnl/details: HTTP 400; {""success"": false, ""message"": ""Compute units usage limit exceeded""}",0,incomplete_error,0,8nxfi8VY6cT7mD4VBEJoLg1kFzRg2gQPv3oGbVLxv7Wx,498.8791794983719,2akXpuyFXAVN5YofZpZMfBp2Vxognpmv9NooBMuHpump
0,0,0,0,"/wallet/v2/pnl/details: HTTP 400; {""success"": false, ""message"": ""Compute units usage limit exceeded""}",0,incomplete_error,0,9kSJtmTVJTYq7k2Vn2VPC1dK7adPwpchbnkFj3p9qPcy,157.82518572978884,2tXpgu2DLTsPUf9zFmuZmA4xrYxXKBTpVq9wAM7hzs9y
0,0,0,0,"/wallet/v2/pnl/details: HTTP 400; {""success"": false, ""message"": ""Compute units usage limit exceeded""}",0,incomplete_error,0,GKqtLVnFAUoak92oMwvCJo3FRJKAfcL7SgaMPfN8Cx16,558.98390308624,2vtuXdpMKHx8CsdeU1y2rr3tfyhPD51B2t5WTbUUpump
0,0,0,0,"/wallet/v2/pnl/details: HTTP 400; {""success"": false, ""message"": ""Compute units usage limit exceeded""}",0,incomplete_error,0,FjNb1argW87kFznUueNTiVqF6n1WJDC8jftoncFSeJys,66.0790358153551,33eum82LaAhtv5YkUq1BdwEviSErH5CnFxqVNLT5pump
0,0,0,0,"/wallet/v2/pnl/details: HTTP 400; {""success"": false, ""message"": ""Compute units usage limit exceeded""}",0,incomplete_error,0,JAMiGsEJYL72eBrRxa3xdPMkMVWQLQQAnwG9mXnheNE,305.16356950164544,33eum82LaAhtv5YkUq1BdwEviSErH5CnFxqVNLT5pump
0,0,0,0,"/wallet/v2/pnl/details: HTTP 400; {""success"": false, ""message"": ""Compute units usage limit exceeded""}",0,incomplete_error,0,5EU3WxZYkN1UvXV5TuNh2QdX2L5nVyZHCWi6cM8oGEjV,72.63200066055366,3FDvp4d7RVqU1Ng6DQXBpVnyG844CeJYx8WW5PBHpump
0,0,0,0,"/wallet/v2/pnl/details: HTTP 400; {""success"": false, ""message"": ""Compute units usage limit exceeded""}",0,incomplete_error,0,8GCfpN4jR9VjufKxcKmU1Y56upCzw2wJTS6c71pp2mRU,70.47698727893453,3FDvp4d7RVqU1Ng6DQXBpVnyG844CeJYx8WW5PBHpump
0,0,0,0,"/wallet/v2/pnl/details: HTTP 400; {""success"": false, ""message"": ""Compute units usage limit exceeded""}",0,incomplete_error,0,FDMssDbA5XcxpBV5gv7JXgP3TAiTNLv3ynJiCC6dWijH,91.5318560107053,3FDvp4d7RVqU1Ng6DQXBpVnyG844CeJYx8WW5PBHpump
0,0,0,0,"/wallet/v2/pnl/details: HTTP 400; {""success"": false, ""message"": ""Compute units usage limit exceeded""}",0,incomplete_error,0,HnPGo9ZNvfVoRoqd5T2tCGkuoQNtE6vKmLR3viyMCD7V,53.79438138847964,3FDvp4d7RVqU1Ng6DQXBpVnyG844CeJYx8WW5PBHpump
0,0,0,0,"/wallet/v2/pnl/details: HTTP 400; {""success"": false, ""message"": ""Compute units usage limit exceeded""}",0,incomplete_error,0,AQBBT58MUo48pm1UEtM9kq8zg6rTkHPtbQFMx9dqDLgJ,1539.7960067338531,3LYm92Zt2yYQMe82QzwBw3rmBBVsGxyS4B8DXJ5Qpump
0,0,0,0,"/wallet/v2/pnl/details: HTTP 400; {""success"": false, ""message"": ""Compute units usage limit exceeded""}",0,incomplete_error,0,CVACnxuPisY2CvUAz5ty1vJeZ878RvMcrrBdorLAXZwY,616.3147547751128,3tXvLBVojpviB13khqqsV4f7uh51Gy8m5q39eXJCpump
0,0,0,0,"/wallet/v2/pnl/details: HTTP 400; {""success"": false, ""message"": ""Compute units usage limit exceeded""}",0,incomplete_error,0,ENzWHyZippFomS2RCmbhiUwfJ61hXazjeyGwsb2XZ2dr,470.6861417572525,3xQPNZ3RrBvGrrgZEqaKFueeQ8FBpFKPTFe8bwVkpump
0,0,0,0,"/wallet/v2/pnl/details: HTTP 400; {""success"": false, ""message"": ""Compute units usage limit exceeded""}",0,incomplete_error,0,EqkXfsFqQRiCmdfb4ECi2yqRFRdYegSCTUKfEYhbVGAw,12618.225607589133,57gXi7ZmsgkoXiPeg7CAN5oLmKBem8XWJknJUpHypump
0,0,0,0,"/wallet/v2/pnl/details: HTTP 400; {""success"": false, ""message"": ""Compute units usage limit exceeded""}",0,incomplete_error,0,AjTSCKDiowibfyKdRyyLB1nrGnrAMSFvXHnZzTyv8rNP,323.2737161444662,7HgfXftRBBqsYtAEYcqjGLQrNJLL6Tww9ek4rE3Apump
0,0,0,0,"/wallet/v2/pnl/details: HTTP 400; {""success"": false, ""message"": ""Compute units usage limit exceeded""}",0,incomplete_error,0,CsZGEixjcanJ47QY5sX4s6fRkrxNMDSUZfJqTURbGkWS,332.37717661860955,7HgfXftRBBqsYtAEYcqjGLQrNJLL6Tww9ek4rE3Apump
0,0,0,0,"/wallet/v2/pnl/details: HTTP 400; {""success"": false, ""message"": ""Compute units usage limit exceeded""}",0,incomplete_error,0,GGKAD9RPwHXxVtmVnaP3c1TbPL7fF9idswwdnNrB6DdL,471.6146422837704,8H9RDAUyYNMr6Y6nsBb8bBV45XnpW9VQfCKFbyfhpump
0,0,0,0,"/wallet/v2/pnl/details: HTTP 400; {""success"": false, ""message"": ""Compute units usage limit exceeded""}",0,incomplete_error,0,H6RwA4rHF6EHbFMRSUWpjptMntM1iDUqzHdK5gBvSQPn,646.502703876119,9GvG3vfbewcP1xnwTYS8sKe6V12JBg8SG2waVExxpump|HxYvKPgKLCHT7ZLVZrjJNTW91wVSQFmwyjnm2Psdpump
0,0,0,0,"/wallet/v2/pnl/details: HTTP 400; {""success"": false, ""message"": ""Compute units usage limit exceeded""}",0,incomplete_error,0,3mqBcHc3TPC2bZAdMBEYLGqxvMa2KmoVJtVuEQCvHfRL,1665.4280495807852,9HkvDxrZ9zXhecCJMLMeW4J43feUQZ96f7QEj6uUpump
0,0,0,0,"/wallet/v2/pnl/details: HTTP 400; {""success"": false, ""message"": ""Compute units usage limit exceeded""}",0,incomplete_error,0,9Tee3dgA4agNnvVATUhakWzngwYrGzQWrxyafGGKpYi7,91.77402730876535,9HkvDxrZ9zXhecCJMLMeW4J43feUQZ96f7QEj6uUpump
0,0,0,0,"/wallet/v2/pnl/details: HTTP 400; {""success"": false, ""message"": ""Compute units usage limit exceeded""}",0,incomplete_error,0,GpyuYX7rjRNNQ4eBmnbTvYPDcMWcvfmhHLS8gRf8u4Mq,455.7792453338,9S8edqWxoWz5LYLnxWUmWBJnePg35WfdYQp7HQkUpump
0,0,0,0,"/wallet/v2/pnl/details: HTTP 400; {""success"": false, ""message"": ""Compute units usage limit exceeded""}",0,incomplete_error,0,GWmgPCkSG1G7pE8zkMQVtr4jDMq5SsDMqyZ9SGc7pCc5,34.667731551527815,9y4nMHKQCMgjHE1UU1pbhykRXG5Xp75Y6B4MxdZapump
0,0,0,0,"/wallet/v2/pnl/details: HTTP 400; {""success"": false, ""message"": ""Compute units usage limit exceeded""}",0,incomplete_error,0,8RbazXE4XnfnxDMwAvc5QvsSvLHmdjsMQNjSFE8FRnu,127.39587121396218,AVF9F4C4j8b1Kh4BmNHqybDaHgnZpJ7W7yLvL7hUpump
0,0,0,0,"/wallet/v2/pnl/details: HTTP 400; {""success"": false, ""message"": ""Compute units usage limit exceeded""}",0,incomplete_error,0,AKyqx5uhAAq66VtVMGDw2dUaAijDpgxKvf8D1yJoNbL9,873.0919919951474,AWSh5PLiH83Zj5es7PTcZT477EmFH85yCZe51Dt6pump
0,0,0,0,"/wallet/v2/pnl/details: HTTP 400; {""success"": false, ""message"": ""Compute units usage limit exceeded""}",0,incomplete_error,0,FoN9d4ARmZUSQzVXbWADmoFKpZTvjmW7eAq5xrZd13KF,4235.142358941592,BCdwQBAn8dYB5YjTsoB6TdHAWokxv28k2oZUodERpump
0,0,0,0,"/wallet/v2/pnl/details: HTTP 400; {""success"": false, ""message"": ""Compute units usage limit exceeded""}",0,incomplete_error,0,BC2QqtTbM8mPZbntXasByYMqhd2ZWrytVQC4AxsbVwZH,5502.511216607499,CGEDT9QZDvvH5GmVkWJH2BXiMJqMJySC9ihWyr7Spump
0,0,0,0,"/wallet/v2/pnl/details: HTTP 400; {""success"": false, ""message"": ""Compute units usage limit exceeded""}",0,incomplete_error,0,51zkxuJchzxfSnsC39JJHcZQgvydLVojwkyXBjzy55Rz,89.45661979027096,DMYNp65mub3i7LRpBdB66CgBAceLcQnv4gsWeCi6pump
0,0,0,0,"/wallet/v2/pnl/details: HTTP 400; {""success"": false, ""message"": ""Compute units usage limit exceeded""}",0,incomplete_error,0,ADHZRyYmooj3h7A8XcCYHYo3iE5UNZHAYKRqkHPBNxyY,86.89505343623976,DMYNp65mub3i7LRpBdB66CgBAceLcQnv4gsWeCi6pump
0,0,0,0,"/wallet/v2/pnl/details: HTTP 400; {""success"": false, ""message"": ""Compute units usage limit exceeded""}",0,incomplete_error,0,Dgg62vGWJ6PW1wWxRViV4TP6HDgptRJDXHqZFepciPnC,123.67214690248734,DMYNp65mub3i7LRpBdB66CgBAceLcQnv4gsWeCi6pump
0,0,0,0,"/wallet/v2/pnl/details: HTTP 400; {""success"": false, ""message"": ""Compute units usage limit exceeded""}",0,incomplete_error,0,4maQDzSBBk7aUoqkd9dGCTCXvR4hWgiArcgwQKo1cmRb,942.4132755672966,DV4ATZfM8oL6ta4HfbbL9co5E5gTojT2cuwdjuEdpump
0,0,0,0,"/wallet/v2/pnl/details: HTTP 400; {""success"": false, ""message"": ""Compute units usage limit exceeded""}",0,incomplete_error,0,GsturMYDy7brEVnNZh57pq6Fxw6QZCUfBJkk5DKjw8Yp,750.1276517399755,DpxKNEi3XVeRByaGqYKvz2w6E2PhPgBAqdayLcQEpump
0,0,0,0,"/wallet/v2/pnl/details: HTTP 400; {""success"": false, ""message"": ""Compute units usage limit exceeded""}",0,incomplete_error,0,5Go5Qbh3oir6oPrE4WLxFnp3j3d2h71YMVLhBk7YpExA,27.667566333344546,DwfK8oRjfQvnPt4MRmU9hepbZjRgcqdVErqYTuh7pump
0,0,0,0,"/wallet/v2/pnl/details: HTTP 400; {""success"": false, ""message"": ""Compute units usage limit exceeded""}",0,incomplete_error,0,7CxsG6MJU21Q2JnmpgX5G2MNC8W4fdGXs4gEs5QYJWiv,7232.702775693485,EMMiGudXs9cHBixn6PDohLo4vNvVhXwTfoBnApanpump
0,0,0,0,"/wallet/v2/pnl/details: HTTP 400; {""success"": false, ""message"": ""Compute units usage limit exceeded""}",0,incomplete_error,0,7BLkYNgdMkhwky5g95KRo5EvciHfJcA393ZxC6gbBLq8,2997.673927595302,F1ppSHedBsGGwEKH78JVgoqr4xkQHswtsGGLpgM7bCP2
0,0,0,0,"/wallet/v2/pnl/details: HTTP 400; {""success"": false, ""message"": ""Compute units usage limit exceeded""}",0,incomplete_error,0,dWdzVTRUdRfVMV8Rwa5fSStr4iUkB5JpTz2artchfzT,130.61455980909614,F1ppSHedBsGGwEKH78JVgoqr4xkQHswtsGGLpgM7bCP2
0,0,0,0,"/wallet/v2/pnl/details: HTTP 400; {""success"": false, ""message"": ""Compute units usage limit exceeded""}",0,incomplete_error,0,2uBuixjqQgxjyywdP4MNKuSXUne7sisvTw6T1n9oKV71,265.8668743608067,FeMbDoX7R1Psc4GEcvJdsbNbZA3bfztcyDCatJVJpump
0,0,0,0,"/wallet/v2/pnl/details: HTTP 400; {""success"": false, ""message"": ""Compute units usage limit exceeded""}",0,incomplete_error,0,BthBjGTj9BwKWQ3zJomUvaVV6Nw4L25BLbhLioFVntyZ,35.23771638459994,GFKNuUKCDP3kQtTAjaV5VVMJFtNvMGG62xKP3XGXpump
0,0,0,0,"/wallet/v2/pnl/details: HTTP 400; {""success"": false, ""message"": ""Compute units usage limit exceeded""}",0,incomplete_error,0,EvRCGpzWz2NJt4WjUDorHWRgPaSkYMgKK4TAZNawkSGA,7773.107361878396,Ge87EtsjwRQbHaqQmKRno69RFTwh9bfSsm99XNxTpump
0,0,0,0,"/wallet/v2/pnl/details: HTTP 400; {""success"": false, ""message"": ""Compute units usage limit exceeded""}",0,incomplete_error,0,BXfuMaddfDZ9xdNjiPrgoauWYqjxa2yFo25WhcMaFGVs,95.08437429445752,GnFMf6JVRhAqPbA9r8yW16xycynKNkXfbaYbusLEpump
0,0,0,0,"/wallet/v2/pnl/details: HTTP 400; {""success"": false, ""message"": ""Compute units usage limit exceeded""}",0,incomplete_error,0,7yiPAVnJdkB61revuKREisSNZPSRHkppo4mLNq36dMyy,1211.5518395283686,HGxYWHhDNGFh7FpoJTuwgNuB7VAHtpeBVBo1u73Tpump
0,0,0,0,"/wallet/v2/pnl/details: HTTP 400; {""success"": false, ""message"": ""Compute units usage limit exceeded""}",0,incomplete_error,0,Ahmia11ryy8uFziV5WtRAnBFk4ufBc4w8T6MVStB6ahN,1050.439083548751,HGxYWHhDNGFh7FpoJTuwgNuB7VAHtpeBVBo1u73Tpump
0,0,0,0,"/wallet/v2/pnl/details: HTTP 400; {""success"": false, ""message"": ""Compute units usage limit exceeded""}",0,incomplete_error,0,DSEQaQrJHBLu2GrcL8QgyweEtB2NNSAXi1VkvdZikzMv,1070.092300950441,HGxYWHhDNGFh7FpoJTuwgNuB7VAHtpeBVBo1u73Tpump
0,0,0,0,"/wallet/v2/pnl/details: HTTP 400; {""success"": false, ""message"": ""Compute units usage limit exceeded""}",0,incomplete_error,0,q8xThTacX6HaDBkxm3XtNWPKwmJC5yyLh1EJMHjzDFw,1281.9036442433896,HGxYWHhDNGFh7FpoJTuwgNuB7VAHtpeBVBo1u73Tpump
0,0,0,0,"/wallet/v2/pnl/details: HTTP 400; {""success"": false, ""message"": ""Compute units usage limit exceeded""}",0,incomplete_error,0,7wT1W1y8vhr646dvXvb9xHmAW2Jehx9B7Z2JKGxyryab,59.62535621376552,HkBWJJiaUW5Kod4HpHWZiGD9PQVipmMiPDgiRPcNpump
0,0,0,0,"/wallet/v2/pnl/details: HTTP 400; {""success"": false, ""message"": ""Compute units usage limit exceeded""}",0,incomplete_error,0,H5P62MNy8B6H6fNRGJ9nCXz8kD9cr1dYC7veBc236w1h,88.82127368970134,HkBWJJiaUW5Kod4HpHWZiGD9PQVipmMiPDgiRPcNpump
0,0,0,0,"/wallet/v2/pnl/details: HTTP 400; {""success"": false, ""message"": ""Compute units usage limit exceeded""}",0,incomplete_error,0,C9TYpD6dRGsx1EM4XNyzMbgcUTTRorHLfBjnZhHMCGz2,2496.179361737776,Tqj8yFmagrg7oorpQkVGYR52r96RFTamvWfth9bpump
0,0,0,0,"/wallet/v2/pnl/details: HTTP 400; {""success"": false, ""message"": ""Compute units usage limit exceeded""}",0,incomplete_error,0,5GEew4AFz6x3B3nFURHmaPBXtxXr9tT6VCiW5dHEajA7,191.13096555092173,Y47Svo5kZJxdEgTvCwM2LDv8twbQHTKtfLr3CJyLFy9
0,0,0,0,"/wallet/v2/pnl/details: HTTP 400; {""success"": false, ""message"": ""Compute units usage limit exceeded""}",0,incomplete_error,0,FhVmiRqu6pzYtm3a75bcBYMhFaVzeKW78ckibRswqzxJ,77.46691443220278,Y47Svo5kZJxdEgTvCwM2LDv8twbQHTKtfLr3CJyLFy9
0,0,0,0,"/wallet/v2/pnl/details: HTTP 400; {""success"": false, ""message"": ""Compute units usage limit exceeded""}",0,incomplete_error,0,7ywtxaWc1oRC2SFvG1HA62AJYmFYCEzSEvgYYoMMbTtF,168.5600575370511,fH1YDRu48pBwedxhNxTRSLsriqx3ysUntRbKMtkpump
0,0,0,0,"/wallet/v2/pnl/details: HTTP 400; {""success"": false, ""message"": ""Compute units usage limit exceeded""}",0,incomplete_error,0,FZtntrtma8farq56vgimfiYAgQJUsccsA1W2GFQ19CA6,727.1378994479029,fH1YDRu48pBwedxhNxTRSLsriqx3ysUntRbKMtkpump
0,0,0,0,"/wallet/v2/pnl/details: HTTP 400; {""success"": false, ""message"": ""Compute units usage limit exceeded""}",0,incomplete_error,0,65FqnK6sKS6ojm9EG9ppYQpMduTe6k64tuKXJ6ayYSs5,134.88888079311334,iNKezFtQnxqjX8JMrez3pT6VaV8VwhA1SZXTbbzpump
0,0,0,0,"/wallet/v2/pnl/details: HTTP 400; {""success"": false, ""message"": ""Compute units usage limit exceeded""}",0,incomplete_error,0,9bTjPid2B26JVZyeSFsR72AxDv4vseDQgsa2b9rBMrvb,568.8795706866679,iNKezFtQnxqjX8JMrez3pT6VaV8VwhA1SZXTbbzpump
0,0,0,0,"/wallet/v2/pnl/details: HTTP 400; {""success"": false, ""message"": ""Compute units usage limit exceeded""}",0,incomplete_error,0,CXJNzugCucDhszL8eNbA7bR4rtkaUbqv4gJDnzpaep1p,616.4851059000069,iNKezFtQnxqjX8JMrez3pT6VaV8VwhA1SZXTbbzpump
0,0,0,0,"/wallet/v2/pnl/details: HTTP 400; {""success"": false, ""message"": ""Compute units usage limit exceeded""}",0,incomplete_error,0,GkuzL1BZK5qE5rao3e3c38tFbdYitYc7mubcYRSz19P2,732.0251822278395,iNKezFtQnxqjX8JMrez3pT6VaV8VwhA1SZXTbbzpump
0,0,0,0,"/wallet/v2/pnl/details: HTTP 400; {""success"": false, ""message"": ""Compute units usage limit exceeded""}",0,incomplete_error,0,Cum5exPbTUGJgCUFYvQbBpJB1hibVWcdZrS7Sm9jRP2h,43.404929213898605,2akXpuyFXAVN5YofZpZMfBp2Vxognpmv9NooBMuHpump
0,0,0,0,"/wallet/v2/pnl/details: HTTP 400; {""success"": false, ""message"": ""Compute units usage limit exceeded""}",0,incomplete_error,0,21CNKQH5tYrsd1KNSeZgmJdoa6D4uf1swiW8WR6kbe8y,71.70390446596083,3FDvp4d7RVqU1Ng6DQXBpVnyG844CeJYx8WW5PBHpump
0,0,0,0,"/wallet/v2/pnl/details: HTTP 400; {""success"": false, ""message"": ""Compute units usage limit exceeded""}",0,incomplete_error,0,5QFEVK1rLB58tqGahcUx2ctA25Mr31mSWmYVXnp74pk7,73.55425871423414,3FDvp4d7RVqU1Ng6DQXBpVnyG844CeJYx8WW5PBHpump
0,0,0,0,"/wallet/v2/pnl/details: HTTP 400; {""success"": false, ""message"": ""Compute units usage limit exceeded""}",0,incomplete_error,0,BKjeQtCDtvY6guikwyGYPbKqvGYnKgCXrRNah3mpdmMC,26.84539174025558,3TYgKwkE2Y3rxdw9osLRSpxpXmSC1C1oo19W9KHspump
0,0,0,0,"/wallet/v2/pnl/details: HTTP 400; {""success"": false, ""message"": ""Compute units usage limit exceeded""}",0,incomplete_error,0,DTztUCtUtjjiK82ntkPHtWv2sV9TM7edebkmWtFALkJV,390.5397403898394,3tXvLBVojpviB13khqqsV4f7uh51Gy8m5q39eXJCpump
0,0,0,0,"/wallet/v2/pnl/details: HTTP 400; {""success"": false, ""message"": ""Compute units usage limit exceeded""}",0,incomplete_error,0,14jhRJE8z9mFTjVrwxWc5CfNiVr1MtQd5LMFPXEYREXc,261.667481403384,41y7bEjuidUJTZJ7mbfqzKjNcBiecYvjnyPwCb2gpump
0,0,0,0,"/wallet/v2/pnl/details: HTTP 400; {""success"": false, ""message"": ""Compute units usage limit exceeded""}",0,incomplete_error,0,5iMA9P6qUQ2qEihVXSoBXv5vy2j1dFQk4uURCMJ76Ps6,120.33415392017984,59nzDoRyJ1QcLcFYFs4GVdeZ4qUEb16T2KNuHPWMpump
0,0,0,0,"/wallet/v2/pnl/details: HTTP 400; {""success"": false, ""message"": ""Compute units usage limit exceeded""}",0,incomplete_error,0,E57iTTqeNTSuB12umCfEFQCLK4y9wfdr45W799Ft3ak2,252.3291958026494,59nzDoRyJ1QcLcFYFs4GVdeZ4qUEb16T2KNuHPWMpump
0,0,0,0,"/wallet/v2/pnl/details: HTTP 400; {""success"": false, ""message"": ""Compute units usage limit exceeded""}",0,incomplete_error,0,CG8qyvvLoJQiWKTdrd8isWy1ErjsBoEdbJJz6GLe8P2u,53.39851114852889,6M8sWsmxTdRaX8sMeHXKDrRe3sbAaGC3KyMgwvTSWfju
0,0,0,0,"/wallet/v2/pnl/details: HTTP 400; {""success"": false, ""message"": ""Compute units usage limit exceeded""}",0,incomplete_error,0,AvqQzqFMNvwfsjHashzWW6LvnCbkjRearKCi1KegU7Ed,386.7067258510056,7HgfXftRBBqsYtAEYcqjGLQrNJLL6Tww9ek4rE3Apump
0,0,0,0,"/wallet/v2/pnl/details: HTTP 400; {""success"": false, ""message"": ""Compute units usage limit exceeded""}",0,incomplete_error,0,Ek6SAEMuQgS6whJnzbLjyNaovy9qYqkuoapXAsxeN3q9,469.85344280328223,7HgfXftRBBqsYtAEYcqjGLQrNJLL6Tww9ek4rE3Apump
0,0,0,0,"/wallet/v2/pnl/details: HTTP 400; {""success"": false, ""message"": ""Compute units usage limit exceeded""}",0,incomplete_error,0,J4SPJtYY7ri5bRrWgEBDYCHtYBHUjVimLd9DQ8R35KoY,89.83246775352433,7Lbe787dJ4bxpPiEWLb9R9VnQsMiET6Gbacxedm3pump
0,0,0,0,"/wallet/v2/pnl/details: HTTP 400; {""success"": false, ""message"": ""Compute units usage limit exceeded""}",0,incomplete_error,0,4HjGze3GXy8aWzWeuR5hFZP6ezqRb3yhLbQULhefzQdN,9586.138933600409,8Jx8AAHj86wbQgUTjGuj6GTTL5Ps3cqxKRTvpaJApump
0,0,0,0,"/wallet/v2/pnl/details: HTTP 400; {""success"": false, ""message"": ""Compute units usage limit exceeded""}",0,incomplete_error,0,Bx9TNm7ztJJsg3xfu7VPyangGv3tHH3U7NM7awPe4sLs,5256.960387042523,8Jx8AAHj86wbQgUTjGuj6GTTL5Ps3cqxKRTvpaJApump
0,0,0,0,"/wallet/v2/pnl/details: HTTP 400; {""success"": false, ""message"": ""Compute units usage limit exceeded""}",0,incomplete_error,0,C3Jbms8BnhZAPRPG45f1kZv5phz4Xtv8SuPXSgwXQirn,1586.8760666444823,98uAmduqPmP6ruqvrnkmcAVeZAWF1oUVRn765Cybpump
0,0,0,0,"/wallet/v2/pnl/details: HTTP 400; {""success"": false, ""message"": ""Compute units usage limit exceeded""}",0,incomplete_error,0,22vL22PcYcoAVCwYN8iDW9VrFEYq93TCtr7a6avNVyjL,82.37528972109845,9HkvDxrZ9zXhecCJMLMeW4J43feUQZ96f7QEj6uUpump
0,0,0,0,"/wallet/v2/pnl/details: HTTP 400; {""success"": false, ""message"": ""Compute units usage limit exceeded""}",0,incomplete_error,0,5vvraKXjuyGwY3FeTwVHX8DU7fvsPgqGfzP3x3ehssuU,192.20458916554657,9HkvDxrZ9zXhecCJMLMeW4J43feUQZ96f7QEj6uUpump
0,0,0,0,"/wallet/v2/pnl/details: HTTP 400; {""success"": false, ""message"": ""Compute units usage limit exceeded""}",0,incomplete_error,0,9yxmCNwZcHe63NucU9yvCt7b1ja3jwP9v4T3yFMkQ1Z9,75.85107650283675,9HkvDxrZ9zXhecCJMLMeW4J43feUQZ96f7QEj6uUpump
0,0,0,0,"/wallet/v2/pnl/details: HTTP 400; {""success"": false, ""message"": ""Compute units usage limit exceeded""}",0,incomplete_error,0,D9w1Gig2eZhKbgv4teC5kVHPcsekidy6MKcsYQKjoVqv,1560.7382677990863,9cRCn9rGT8V2imeM2BaKs13yhMEais3ruM3rPvTGpump
0,0,0,0,"/wallet/v2/pnl/details: HTTP 400; {""success"": false, ""message"": ""Compute units usage limit exceeded""}",0,incomplete_error,0,GJdUhqWa6QFX8X77GAvb8AXFdT8U1MhmpCJvthEZd8Jf,980.662163178117,A211pJ1J7CkXaYDQMWzFGqVrc8UK8A8fMoALq9dspump
0,0,0,0,"/wallet/v2/pnl/details: HTTP 400; {""success"": false, ""message"": ""Compute units usage limit exceeded""}",0,incomplete_error,0,9h5tJhr9epXFtuyhUpYTiw7UxHK47MSdm96ni56jBkFa,148.64609873468908,AVF9F4C4j8b1Kh4BmNHqybDaHgnZpJ7W7yLvL7hUpump
0,0,0,0,"/wallet/v2/pnl/details: HTTP 400; {""success"": false, ""message"": ""Compute units usage limit exceeded""}",0,incomplete_error,0,GztaFPwwhf9BcguJkRVDWyM75bni5558r2LB6EMd8UnS,155.32052893141557,AWSh5PLiH83Zj5es7PTcZT477EmFH85yCZe51Dt6pump
0,0,0,0,"/wallet/v2/pnl/details: HTTP 400; {""success"": false, ""message"": ""Compute units usage limit exceeded""}",0,incomplete_error,0,4UYSuQMRTGmqzH62iE66QQ5KqYuCfRRWAJxE1myrBG42,27.90963212592052,BFiGUxnidogqcZAPVPDZRCfhx3nXnFLYqpQUaUGpump
0,0,0,0,"/wallet/v2/pnl/details: HTTP 400; {""success"": false, ""message"": ""Compute units usage limit exceeded""}",0,incomplete_error,0,DLJXhzvtwn1eKYgR8tauZ3GzH7pu8J8cDAVs4BoNpESx,37.112389515293714,C7V47ci5u2Ak3VYb62a1obLTY74BLFxLB7d2NLKRpump
0,0,0,0,"/wallet/v2/pnl/details: HTTP 400; {""success"": false, ""message"": ""Compute units usage limit exceeded""}",0,incomplete_error,0,AQREi4dGVk9X4cuckX87pwnsrFtgdDSkfSoRfCaUtqYP,106.37797195685194,CCgH8T82ABC7Krg4bR4Jj2yotiDQdzk3yg6GLLUApump
0,0,0,0,"/wallet/v2/pnl/details: HTTP 400; {""success"": false, ""message"": ""Compute units usage limit exceeded""}",0,incomplete_error,0,BeQSxC4myeaLAURRdicnJrMC9U2RUVGq74hmQkPf49Zr,2830.2242666758693,CGEDT9QZDvvH5GmVkWJH2BXiMJqMJySC9ihWyr7Spump
0,0,0,0,"/wallet/v2/pnl/details: HTTP 400; {""success"": false, ""message"": ""Compute units usage limit exceeded""}",0,incomplete_error,0,4x2QMXv9ByKWBSERiCwbymXwqFpRK1moxf7PFtTh5X9J,1643.0630291730654,Cm6fNnMk7NfzStP9CZpsQA2v3jjzbcYGAxdJySmHpump
0,0,0,0,"/wallet/v2/pnl/details: HTTP 400; {""success"": false, ""message"": ""Compute units usage limit exceeded""}",0,incomplete_error,0,B5UYetbYJeU1mxJMTsUGrFgLzfSbZuhd4VCwcMDC7cbZ,70.1915309824884,Cmig6zQxBxiCqSU6Yp8ATYYQkhTm9cTru2qE3qkppump
0,0,0,0,"/wallet/v2/pnl/details: HTTP 400; {""success"": false, ""message"": ""Compute units usage limit exceeded""}",0,incomplete_error,0,5Uo8EqpyAkavxqnZdRPhv16cCX1PYwN4ZMkdPVWKPSvG,178.2813334993953,DMYNp65mub3i7LRpBdB66CgBAceLcQnv4gsWeCi6pump
0,0,0,0,"/wallet/v2/pnl/details: HTTP 400; {""success"": false, ""message"": ""Compute units usage limit exceeded""}",0,incomplete_error,0,BX6BKYBmGnM3tULUUnb2gSs8SyR6kKL96XEacuL9mYF7,182.62886096195584,DMYNp65mub3i7LRpBdB66CgBAceLcQnv4gsWeCi6pump
0,0,0,0,"/wallet/v2/pnl/details: HTTP 400; {""success"": false, ""message"": ""Compute units usage limit exceeded""}",0,incomplete_error,0,HZu75FuLHugr5NY954rcj6Df1U8KPKpBkVgeeQkaXCjX,147.34341446146652,DMYNp65mub3i7LRpBdB66CgBAceLcQnv4gsWeCi6pump
0,0,0,0,"/wallet/v2/pnl/details: HTTP 400; {""success"": false, ""message"": ""Compute units usage limit exceeded""}",0,incomplete_error,0,37ruyJuC2vrpstBS8iT8txC7FirXEuEhv1MkpRM3ZVk3,1334.764557469366,DpxKNEi3XVeRByaGqYKvz2w6E2PhPgBAqdayLcQEpump
0,0,0,0,"/wallet/v2/pnl/details: HTTP 400; {""success"": false, ""message"": ""Compute units usage limit exceeded""}",0,incomplete_error,0,GiVdSdDgFz6pFQKG987uAHVGJiMCjcWHAY64ogjqMgda,1490.0948056294314,Dwwsv9JyCw3Zxufe7E4YQFX4q9Nf12YzTiPwQHaxpump
0,0,0,0,"/wallet/v2/pnl/details: HTTP 400; {""success"": false, ""message"": ""Compute units usage limit exceeded""}",0,incomplete_error,0,5ocNxNQUVrg2FMkjxZLr7ZEPP2mkLeDWKK5Hy6XZVKvD,33.330288570822525,EKwF2HD6X4rHHr4322EJeK9QBGkqhpHZQSanSUmWkecG
0,0,0,0,"/wallet/v2/pnl/details: HTTP 400; {""success"": false, ""message"": ""Compute units usage limit exceeded""}",0,incomplete_error,0,DngUUi6RML83sNkgy393fZAh4oKxND8BxHiEg3LLxc1g,11180.2845878986,EMMiGudXs9cHBixn6PDohLo4vNvVhXwTfoBnApanpump
0,0,0,0,"/wallet/v2/pnl/details: HTTP 400; {""success"": false, ""message"": ""Compute units usage limit exceeded""}",0,incomplete_error,0,HZJ2M3J16pijiBSnMCHv7YvCE4Wexi4HjcgX36nHAKxw,55.525826532628095,F1ppSHedBsGGwEKH78JVgoqr4xkQHswtsGGLpgM7bCP2
0,0,0,0,"/wallet/v2/pnl/details: HTTP 400; {""success"": false, ""message"": ""Compute units usage limit exceeded""}",0,incomplete_error,0,4nBNtRX6Q3NAhtcaXfV5R2okHr2Cd6iur7EDQvNedujV,4734.2783743456885,Ge87EtsjwRQbHaqQmKRno69RFTwh9bfSsm99XNxTpump
0,0,0,0,"/wallet/v2/pnl/details: HTTP 400; {""success"": false, ""message"": ""Compute units usage limit exceeded""}",0,incomplete_error,0,9vdwML1RzB3ZY9JxnNohiYqy2nMh7N7H61mM4daDV5Rm,7033.335113955853,Ge87EtsjwRQbHaqQmKRno69RFTwh9bfSsm99XNxTpump
0,0,0,0,"/wallet/v2/pnl/details: HTTP 400; {""success"": false, ""message"": ""Compute units usage limit exceeded""}",0,incomplete_error,0,BrGbQevPBfWUDqewdYqTFERpJ9mzkromDPnvJNUZpvpz,571.5684625949565,GnFMf6JVRhAqPbA9r8yW16xycynKNkXfbaYbusLEpump
0,0,0,0,"/wallet/v2/pnl/details: HTTP 400; {""success"": false, ""message"": ""Compute units usage limit exceeded""}",0,incomplete_error,0,8PzVLdD8nyVRcDvn2L5iFRJekos765azZBG611HKAP2p,1406.3226699210006,HGxYWHhDNGFh7FpoJTuwgNuB7VAHtpeBVBo1u73Tpump
0,0,0,0,"/wallet/v2/pnl/details: HTTP 400; {""success"": false, ""message"": ""Compute units usage limit exceeded""}",0,incomplete_error,0,AoDXK84dUP817SpL9PepmGfd4nbtYVNPpZRhFtYBPhs5,328.8396731386269,HGxYWHhDNGFh7FpoJTuwgNuB7VAHtpeBVBo1u73Tpump
0,0,0,0,"/wallet/v2/pnl/details: HTTP 400; {""success"": false, ""message"": ""Compute units usage limit exceeded""}",0,incomplete_error,0,FToju18rTZXHWqsK84a9hAmanEtbHa3mkK8hFjnoF9VS,1458.5691021691414,HGxYWHhDNGFh7FpoJTuwgNuB7VAHtpeBVBo1u73Tpump
0,0,0,0,"/wallet/v2/pnl/details: HTTP 400; {""success"": false, ""message"": ""Compute units usage limit exceeded""}",0,incomplete_error,0,82SYuHsMcyBm9WtkNSVD5UFdzZSqiMpW9LAVzYywxFxU,386.3796204236909,HkBWJJiaUW5Kod4HpHWZiGD9PQVipmMiPDgiRPcNpump
0,0,0,0,"/wallet/v2/pnl/details: HTTP 400; {""success"": false, ""message"": ""Compute units usage limit exceeded""}",0,incomplete_error,0,3sT9jr7HWK6YWPmU9giDea4mhp4mLXvzLP9QkxSGKyHz,186.59221628231137,HxYvKPgKLCHT7ZLVZrjJNTW91wVSQFmwyjnm2Psdpump
0,0,0,0,"/wallet/v2/pnl/details: HTTP 400; {""success"": false, ""message"": ""Compute units usage limit exceeded""}",0,incomplete_error,0,7fE176RF3bLdiHJpmaopNGbq1KaCpkBQTxJtgK99cBMJ,75.64058550656218,Y47Svo5kZJxdEgTvCwM2LDv8twbQHTKtfLr3CJyLFy9
0,0,0,0,"/wallet/v2/pnl/details: HTTP 400; {""success"": false, ""message"": ""Compute units usage limit exceeded""}",0,incomplete_error,0,21ZX8SgC8SvzTjequqTRKfmTWpxG6ja8yhLzsQ964gDJ,207.98752697759764,fH1YDRu48pBwedxhNxTRSLsriqx3ysUntRbKMtkpump
0,0,0,0,"/wallet/v2/pnl/details: HTTP 400; {""success"": false, ""message"": ""Compute units usage limit exceeded""}",0,incomplete_error,0,82WNyEhjA4F8DQhov48h3hC2TYWqSpr44unfaMSXGtMW,855.3946565026564,fH1YDRu48pBwedxhNxTRSLsriqx3ysUntRbKMtkpump
0,0,0,0,"/wallet/v2/pnl/details: HTTP 400; {""success"": false, ""message"": ""Compute units usage limit exceeded""}",0,incomplete_error,0,3JBJpUqEzy4LYNz7oR2JJ8BYqgwSVWrUTPXMBzfxAXUY,157.1873609957481,iNKezFtQnxqjX8JMrez3pT6VaV8VwhA1SZXTbbzpump
0,0,0,0,"/wallet/v2/pnl/details: HTTP 400; {""success"": false, ""message"": ""Compute units usage limit exceeded""}",0,incomplete_error,0,6fzuq6FWXgNznL22iM45xNqMB1x5XW9Le2WF1zuiSNfQ,702.6961282224106,iNKezFtQnxqjX8JMrez3pT6VaV8VwhA1SZXTbbzpump
0,0,0,0,"/wallet/v2/pnl/details: HTTP 400; {""success"": false, ""message"": ""Compute units usage limit exceeded""}",0,incomplete_error,0,9f9ENvv3gRf9oCjeoHHaX2549bT8CgzweRrdqtiJhAhB,596.1953179306438,iNKezFtQnxqjX8JMrez3pT6VaV8VwhA1SZXTbbzpump
0,0,0,0,"/wallet/v2/pnl/details: HTTP 400; {""success"": false, ""message"": ""Compute units usage limit exceeded""}",0,incomplete_error,0,E5eQ45Z4FcYj4QDszvGmjwYGCuj6KeBMPgcDqQmcn2aZ,606.4925012338482,iNKezFtQnxqjX8JMrez3pT6VaV8VwhA1SZXTbbzpump
